transaction_id,staff_name,service_type,arrival_time,start_time,end_time,satisfaction_score
TXN-1000,Citra (CS 1),Pembukaan Rekening,2026-05-07 11:28:00,2026-05-07 11:50:00,2026-05-07 12:30:00,2
TXN-1001,Budi (Teller 2),Transfer Antar Bank,2026-05-11 10:23:00,2026-05-11 10:28:00,2026-05-11 10:33:00,4
TXN-1002,Budi (Teller 2),Tarikan Tunai,2026-05-12 13:37:00,2026-05-12 14:12:00,2026-05-12 14:15:00,2
TXN-1003,Citra (CS 1),Pembukaan Rekening,2026-05-12 08:48:00,2026-05-12 08:59:00,2026-05-12 09:34:00,5
TXN-1004,Eka (CS 2),Komplain/CS,2026-05-15 13:50:00,2026-05-15 14:27:00,2026-05-15 14:45:00,2
TXN-1005,Budi (Teller 2),Transfer Antar Bank,2026-05-05 10:06:00,2026-05-05 10:16:00,2026-05-05 10:25:00,5
TXN-1006,Budi (Teller 2),Setoran Tunai,2026-05-14 09:57:00,2026-05-14 10:08:00,2026-05-14 10:15:00,5
TXN-1007,Citra (CS 1),Komplain/CS,2026-05-15 11:06:00,2026-05-15 11:28:00,2026-05-15 11:57:00,3
TXN-1008,Eka (CS 2),Komplain/CS,2026-05-04 09:39:00,2026-05-04 09:42:00,2026-05-04 10:10:00,4
TXN-1009,Budi (Teller 2),Tarikan Tunai,2026-05-04 13:28:00,2026-05-04 13:54:00,2026-05-04 13:58:00,3
TXN-1010,Eka (CS 2),Komplain/CS,2026-05-14 14:47:00,2026-05-14 14:57:00,2026-05-14 15:25:00,5
TXN-1011,Andi (Teller 1),Transfer Antar Bank,2026-05-13 09:46:00,2026-05-13 09:55:00,2026-05-13 09:59:00,4
TXN-1012,Dedi (Teller 3),Transfer Antar Bank,2026-05-13 08:28:00,2026-05-13 08:30:00,2026-05-13 08:33:00,5
TXN-1013,Eka (CS 2),Pembukaan Rekening,2026-05-01 11:07:00,2026-05-01 11:40:00,2026-05-01 12:16:00,2
TXN-1014,Andi (Teller 1),Tarikan Tunai,2026-05-01 10:04:00,2026-05-01 10:12:00,2026-05-01 10:16:00,5
TXN-1015,Dedi (Teller 3),Setoran Tunai,2026-05-09 11:33:00,2026-05-09 12:03:00,2026-05-09 12:12:00,2
TXN-1016,Citra (CS 1),Pembukaan Rekening,2026-05-05 10:43:00,2026-05-05 10:47:00,2026-05-05 11:07:00,4
TXN-1017,Dedi (Teller 3),Transfer Antar Bank,2026-05-14 10:00:00,2026-05-14 10:11:00,2026-05-14 10:20:00,4
TXN-1018,Andi (Teller 1),Tarikan Tunai,2026-05-09 14:14:00,2026-05-09 14:25:00,2026-05-09 14:31:00,4
TXN-1019,Andi (Teller 1),Transfer Antar Bank,2026-05-07 08:51:00,2026-05-07 08:56:00,2026-05-07 09:04:00,4
TXN-1020,Dedi (Teller 3),Transfer Antar Bank,2026-05-13 14:42:00,2026-05-13 14:47:00,2026-05-13 14:54:00,4
TXN-1021,Andi (Teller 1),Tarikan Tunai,2026-05-22 11:01:00,2026-05-22 11:28:00,2026-05-22 11:36:00,1
TXN-1022,Citra (CS 1),Pembukaan Rekening,2026-05-12 11:19:00,2026-05-12 11:56:00,2026-05-12 12:40:00,3
TXN-1023,Andi (Teller 1),Setoran Tunai,2026-05-01 08:26:00,2026-05-01 08:31:00,2026-05-01 08:38:00,5
TXN-1024,Budi (Teller 2),Transfer Antar Bank,2026-05-06 10:08:00,2026-05-06 10:10:00,2026-05-06 10:15:00,5
TXN-1025,Budi (Teller 2),Setoran Tunai,2026-05-15 10:53:00,2026-05-15 10:58:00,2026-05-15 11:01:00,5
TXN-1026,Andi (Teller 1),Tarikan Tunai,2026-05-20 11:38:00,2026-05-20 11:55:00,2026-05-20 11:58:00,4
TXN-1027,Budi (Teller 2),Tarikan Tunai,2026-05-17 10:48:00,2026-05-17 10:51:00,2026-05-17 10:57:00,4
TXN-1028,Budi (Teller 2),Tarikan Tunai,2026-05-01 08:18:00,2026-05-01 08:24:00,2026-05-01 08:30:00,5
TXN-1029,Eka (CS 2),Pembukaan Rekening,2026-05-04 14:10:00,2026-05-04 14:12:00,2026-05-04 14:37:00,5
TXN-1030,Citra (CS 1),Pembukaan Rekening,2026-05-02 13:21:00,2026-05-02 13:51:00,2026-05-02 14:26:00,1
TXN-1031,Eka (CS 2),Komplain/CS,2026-05-06 12:02:00,2026-05-06 12:20:00,2026-05-06 12:37:00,5
TXN-1032,Eka (CS 2),Komplain/CS,2026-05-19 11:31:00,2026-05-19 11:54:00,2026-05-19 12:09:00,2
TXN-1033,Eka (CS 2),Komplain/CS,2026-05-18 08:10:00,2026-05-18 08:20:00,2026-05-18 08:43:00,5
TXN-1034,Eka (CS 2),Komplain/CS,2026-05-10 10:06:00,2026-05-10 10:17:00,2026-05-10 10:40:00,5
TXN-1035,Eka (CS 2),Komplain/CS,2026-05-02 08:47:00,2026-05-02 08:53:00,2026-05-02 09:12:00,5
TXN-1036,Eka (CS 2),Pembukaan Rekening,2026-05-09 08:34:00,2026-05-09 08:38:00,2026-05-09 09:17:00,5
TXN-1037,Budi (Teller 2),Setoran Tunai,2026-05-01 11:10:00,2026-05-01 11:32:00,2026-05-01 11:38:00,2
TXN-1038,Eka (CS 2),Pembukaan Rekening,2026-05-03 13:24:00,2026-05-03 14:03:00,2026-05-03 14:40:00,2
TXN-1039,Andi (Teller 1),Transfer Antar Bank,2026-05-02 13:34:00,2026-05-02 13:57:00,2026-05-02 14:03:00,1
TXN-1040,Citra (CS 1),Komplain/CS,2026-05-14 12:47:00,2026-05-14 13:25:00,2026-05-14 13:47:00,2
TXN-1041,Eka (CS 2),Pembukaan Rekening,2026-05-01 11:58:00,2026-05-01 12:34:00,2026-05-01 13:16:00,1
TXN-1042,Citra (CS 1),Pembukaan Rekening,2026-05-06 13:44:00,2026-05-06 14:20:00,2026-05-06 14:47:00,2
TXN-1043,Citra (CS 1),Komplain/CS,2026-05-21 13:32:00,2026-05-21 14:01:00,2026-05-21 14:16:00,1
TXN-1044,Eka (CS 2),Pembukaan Rekening,2026-05-16 10:03:00,2026-05-16 10:05:00,2026-05-16 10:41:00,5
TXN-1045,Eka (CS 2),Pembukaan Rekening,2026-05-14 12:05:00,2026-05-14 12:28:00,2026-05-14 12:52:00,2
TXN-1046,Citra (CS 1),Pembukaan Rekening,2026-05-14 12:30:00,2026-05-14 12:45:00,2026-05-14 13:24:00,5
TXN-1047,Budi (Teller 2),Setoran Tunai,2026-05-01 10:17:00,2026-05-01 10:28:00,2026-05-01 10:37:00,5
TXN-1048,Dedi (Teller 3),Tarikan Tunai,2026-05-08 13:23:00,2026-05-08 13:52:00,2026-05-08 14:00:00,1
TXN-1049,Andi (Teller 1),Setoran Tunai,2026-05-10 09:25:00,2026-05-10 09:34:00,2026-05-10 09:37:00,5
TXN-1050,Dedi (Teller 3),Tarikan Tunai,2026-05-16 14:28:00,2026-05-16 14:36:00,2026-05-16 14:40:00,4
TXN-1051,Andi (Teller 1),Setoran Tunai,2026-05-13 11:57:00,2026-05-13 12:15:00,2026-05-13 12:22:00,4
TXN-1052,Eka (CS 2),Pembukaan Rekening,2026-05-14 13:11:00,2026-05-14 13:48:00,2026-05-14 14:22:00,2
TXN-1053,Budi (Teller 2),Tarikan Tunai,2026-05-22 10:24:00,2026-05-22 10:31:00,2026-05-22 10:35:00,4
TXN-1054,Eka (CS 2),Pembukaan Rekening,2026-05-20 09:05:00,2026-05-20 09:11:00,2026-05-20 09:31:00,5
TXN-1055,Eka (CS 2),Komplain/CS,2026-05-12 11:04:00,2026-05-12 11:24:00,2026-05-12 11:51:00,5
TXN-1056,Eka (CS 2),Komplain/CS,2026-05-15 10:54:00,2026-05-15 10:57:00,2026-05-15 11:23:00,5
TXN-1057,Eka (CS 2),Komplain/CS,2026-05-17 14:18:00,2026-05-17 14:29:00,2026-05-17 14:50:00,4
TXN-1058,Andi (Teller 1),Setoran Tunai,2026-05-21 13:22:00,2026-05-21 13:48:00,2026-05-21 13:55:00,1
TXN-1059,Andi (Teller 1),Setoran Tunai,2026-05-01 14:33:00,2026-05-01 14:42:00,2026-05-01 14:49:00,5
TXN-1060,Budi (Teller 2),Transfer Antar Bank,2026-05-07 14:04:00,2026-05-07 14:12:00,2026-05-07 14:17:00,5
TXN-1061,Andi (Teller 1),Transfer Antar Bank,2026-05-05 13:56:00,2026-05-05 14:24:00,2026-05-05 14:30:00,1
TXN-1062,Budi (Teller 2),Transfer Antar Bank,2026-05-14 13:51:00,2026-05-14 14:17:00,2026-05-14 14:21:00,2
TXN-1063,Budi (Teller 2),Transfer Antar Bank,2026-05-07 11:32:00,2026-05-07 12:09:00,2026-05-07 12:13:00,3
TXN-1064,Budi (Teller 2),Tarikan Tunai,2026-05-04 09:51:00,2026-05-04 10:02:00,2026-05-04 10:07:00,5
TXN-1065,Dedi (Teller 3),Tarikan Tunai,2026-05-05 12:03:00,2026-05-05 12:34:00,2026-05-05 12:40:00,3
TXN-1066,Citra (CS 1),Komplain/CS,2026-05-12 09:34:00,2026-05-12 09:36:00,2026-05-12 09:51:00,5
TXN-1067,Dedi (Teller 3),Setoran Tunai,2026-05-05 11:02:00,2026-05-05 11:17:00,2026-05-05 11:21:00,4
TXN-1068,Dedi (Teller 3),Tarikan Tunai,2026-05-13 11:30:00,2026-05-13 12:03:00,2026-05-13 12:07:00,2
TXN-1069,Andi (Teller 1),Tarikan Tunai,2026-05-08 12:25:00,2026-05-08 12:41:00,2026-05-08 12:46:00,5
TXN-1070,Citra (CS 1),Pembukaan Rekening,2026-05-21 09:44:00,2026-05-21 09:53:00,2026-05-21 10:16:00,5
TXN-1071,Andi (Teller 1),Setoran Tunai,2026-05-04 09:36:00,2026-05-04 09:45:00,2026-05-04 09:50:00,5
TXN-1072,Andi (Teller 1),Transfer Antar Bank,2026-05-04 09:48:00,2026-05-04 09:50:00,2026-05-04 09:59:00,5
TXN-1073,Andi (Teller 1),Setoran Tunai,2026-05-03 08:29:00,2026-05-03 08:31:00,2026-05-03 08:39:00,5
TXN-1074,Eka (CS 2),Komplain/CS,2026-05-19 08:35:00,2026-05-19 08:45:00,2026-05-19 09:02:00,5
TXN-1075,Eka (CS 2),Pembukaan Rekening,2026-05-14 14:51:00,2026-05-14 15:02:00,2026-05-14 15:36:00,5
TXN-1076,Citra (CS 1),Komplain/CS,2026-05-03 11:24:00,2026-05-03 11:59:00,2026-05-03 12:17:00,2
TXN-1077,Dedi (Teller 3),Tarikan Tunai,2026-05-07 12:52:00,2026-05-07 13:13:00,2026-05-07 13:21:00,1
TXN-1078,Eka (CS 2),Pembukaan Rekening,2026-05-03 14:28:00,2026-05-03 14:31:00,2026-05-03 15:05:00,5
TXN-1079,Andi (Teller 1),Transfer Antar Bank,2026-05-12 08:37:00,2026-05-12 08:46:00,2026-05-12 08:50:00,5
TXN-1080,Andi (Teller 1),Transfer Antar Bank,2026-05-02 12:28:00,2026-05-02 12:48:00,2026-05-02 12:53:00,5
TXN-1081,Budi (Teller 2),Setoran Tunai,2026-05-20 08:06:00,2026-05-20 08:11:00,2026-05-20 08:17:00,5
TXN-1082,Citra (CS 1),Pembukaan Rekening,2026-05-19 12:43:00,2026-05-19 13:07:00,2026-05-19 13:45:00,2
TXN-1083,Eka (CS 2),Komplain/CS,2026-05-13 12:49:00,2026-05-13 13:23:00,2026-05-13 13:49:00,1
TXN-1084,Citra (CS 1),Pembukaan Rekening,2026-05-09 14:00:00,2026-05-09 14:10:00,2026-05-09 14:46:00,5
TXN-1085,Andi (Teller 1),Tarikan Tunai,2026-05-06 12:05:00,2026-05-06 12:31:00,2026-05-06 12:38:00,1
TXN-1086,Citra (CS 1),Pembukaan Rekening,2026-05-21 13:20:00,2026-05-21 13:39:00,2026-05-21 14:02:00,5
TXN-1087,Budi (Teller 2),Setoran Tunai,2026-05-18 14:40:00,2026-05-18 14:42:00,2026-05-18 14:49:00,5
TXN-1088,Eka (CS 2),Pembukaan Rekening,2026-05-16 14:56:00,2026-05-16 15:07:00,2026-05-16 15:42:00,5
TXN-1089,Eka (CS 2),Komplain/CS,2026-05-21 09:27:00,2026-05-21 09:38:00,2026-05-21 10:00:00,4
TXN-1090,Citra (CS 1),Pembukaan Rekening,2026-05-05 08:35:00,2026-05-05 08:42:00,2026-05-05 09:18:00,5
TXN-1091,Dedi (Teller 3),Transfer Antar Bank,2026-05-20 12:27:00,2026-05-20 12:54:00,2026-05-20 13:02:00,3
TXN-1092,Budi (Teller 2),Setoran Tunai,2026-05-18 10:04:00,2026-05-18 10:07:00,2026-05-18 10:11:00,5
TXN-1093,Budi (Teller 2),Setoran Tunai,2026-05-13 12:54:00,2026-05-13 13:30:00,2026-05-13 13:33:00,3
TXN-1094,Dedi (Teller 3),Tarikan Tunai,2026-05-17 10:20:00,2026-05-17 10:30:00,2026-05-17 10:38:00,5
TXN-1095,Andi (Teller 1),Setoran Tunai,2026-05-13 08:33:00,2026-05-13 08:37:00,2026-05-13 08:46:00,4
TXN-1096,Dedi (Teller 3),Transfer Antar Bank,2026-05-06 11:16:00,2026-05-06 11:35:00,2026-05-06 11:43:00,5
TXN-1097,Andi (Teller 1),Tarikan Tunai,2026-05-05 12:36:00,2026-05-05 13:00:00,2026-05-05 13:05:00,1
TXN-1098,Eka (CS 2),Pembukaan Rekening,2026-05-09 13:00:00,2026-05-09 13:27:00,2026-05-09 13:59:00,1
TXN-1099,Budi (Teller 2),Tarikan Tunai,2026-05-17 09:27:00,2026-05-17 09:38:00,2026-05-17 09:42:00,5
TXN-1100,Eka (CS 2),Komplain/CS,2026-05-18 11:00:00,2026-05-18 11:19:00,2026-05-18 11:47:00,5
TXN-1101,Budi (Teller 2),Transfer Antar Bank,2026-05-17 14:46:00,2026-05-17 14:52:00,2026-05-17 15:00:00,5
TXN-1102,Budi (Teller 2),Tarikan Tunai,2026-05-07 13:59:00,2026-05-07 14:19:00,2026-05-07 14:23:00,5
TXN-1103,Budi (Teller 2),Tarikan Tunai,2026-05-15 10:50:00,2026-05-15 10:55:00,2026-05-15 10:58:00,5
TXN-1104,Andi (Teller 1),Tarikan Tunai,2026-05-15 11:29:00,2026-05-15 12:02:00,2026-05-15 12:05:00,2
TXN-1105,Budi (Teller 2),Setoran Tunai,2026-05-10 08:09:00,2026-05-10 08:14:00,2026-05-10 08:21:00,5
TXN-1106,Citra (CS 1),Pembukaan Rekening,2026-05-02 12:42:00,2026-05-02 13:12:00,2026-05-02 13:42:00,2
TXN-1107,Eka (CS 2),Komplain/CS,2026-05-16 14:10:00,2026-05-16 14:19:00,2026-05-16 14:37:00,5
TXN-1108,Dedi (Teller 3),Tarikan Tunai,2026-05-03 10:28:00,2026-05-03 10:39:00,2026-05-03 10:44:00,5
TXN-1109,Budi (Teller 2),Transfer Antar Bank,2026-05-18 11:41:00,2026-05-18 12:17:00,2026-05-18 12:24:00,1
TXN-1110,Budi (Teller 2),Tarikan Tunai,2026-05-09 11:25:00,2026-05-09 11:56:00,2026-05-09 12:04:00,2
TXN-1111,Budi (Teller 2),Setoran Tunai,2026-05-09 09:56:00,2026-05-09 10:03:00,2026-05-09 10:12:00,4
TXN-1112,Andi (Teller 1),Tarikan Tunai,2026-05-16 12:16:00,2026-05-16 12:34:00,2026-05-16 12:37:00,5
TXN-1113,Budi (Teller 2),Tarikan Tunai,2026-05-20 14:46:00,2026-05-20 14:54:00,2026-05-20 15:02:00,5
TXN-1114,Citra (CS 1),Pembukaan Rekening,2026-05-14 10:55:00,2026-05-14 11:03:00,2026-05-14 11:25:00,5
TXN-1115,Budi (Teller 2),Transfer Antar Bank,2026-05-11 14:59:00,2026-05-11 15:02:00,2026-05-11 15:06:00,5
TXN-1116,Andi (Teller 1),Transfer Antar Bank,2026-05-15 08:54:00,2026-05-15 09:05:00,2026-05-15 09:14:00,5
TXN-1117,Andi (Teller 1),Setoran Tunai,2026-05-22 09:43:00,2026-05-22 09:45:00,2026-05-22 09:52:00,5
TXN-1118,Budi (Teller 2),Tarikan Tunai,2026-05-03 08:44:00,2026-05-03 08:49:00,2026-05-03 08:58:00,5
TXN-1119,Citra (CS 1),Pembukaan Rekening,2026-05-08 08:43:00,2026-05-08 08:54:00,2026-05-08 09:22:00,5
TXN-1120,Citra (CS 1),Pembukaan Rekening,2026-05-02 10:55:00,2026-05-02 11:02:00,2026-05-02 11:26:00,4
TXN-1121,Eka (CS 2),Komplain/CS,2026-05-22 12:05:00,2026-05-22 12:30:00,2026-05-22 12:58:00,3
TXN-1122,Eka (CS 2),Pembukaan Rekening,2026-05-09 14:02:00,2026-05-09 14:11:00,2026-05-09 14:35:00,5
TXN-1123,Eka (CS 2),Komplain/CS,2026-05-06 09:19:00,2026-05-06 09:24:00,2026-05-06 09:53:00,5
TXN-1124,Dedi (Teller 3),Tarikan Tunai,2026-05-06 10:56:00,2026-05-06 11:05:00,2026-05-06 11:09:00,5
TXN-1125,Citra (CS 1),Komplain/CS,2026-05-05 13:25:00,2026-05-05 13:58:00,2026-05-05 14:16:00,2
TXN-1126,Budi (Teller 2),Tarikan Tunai,2026-05-12 14:00:00,2026-05-12 14:07:00,2026-05-12 14:14:00,4
TXN-1127,Eka (CS 2),Pembukaan Rekening,2026-05-04 12:42:00,2026-05-04 12:57:00,2026-05-04 13:22:00,5
TXN-1128,Eka (CS 2),Komplain/CS,2026-05-05 14:09:00,2026-05-05 14:12:00,2026-05-05 14:39:00,5
TXN-1129,Dedi (Teller 3),Setoran Tunai,2026-05-01 14:36:00,2026-05-01 14:38:00,2026-05-01 14:41:00,5
TXN-1130,Budi (Teller 2),Setoran Tunai,2026-05-06 14:34:00,2026-05-06 14:40:00,2026-05-06 14:48:00,4
TXN-1131,Citra (CS 1),Komplain/CS,2026-05-11 08:33:00,2026-05-11 08:37:00,2026-05-11 08:54:00,5
TXN-1132,Eka (CS 2),Pembukaan Rekening,2026-05-22 11:28:00,2026-05-22 11:51:00,2026-05-22 12:15:00,2
TXN-1133,Budi (Teller 2),Transfer Antar Bank,2026-05-03 12:36:00,2026-05-03 13:09:00,2026-05-03 13:14:00,2
TXN-1134,Dedi (Teller 3),Tarikan Tunai,2026-05-04 08:44:00,2026-05-04 08:54:00,2026-05-04 08:58:00,5
TXN-1135,Dedi (Teller 3),Setoran Tunai,2026-05-19 12:37:00,2026-05-19 13:14:00,2026-05-19 13:23:00,2
TXN-1136,Dedi (Teller 3),Tarikan Tunai,2026-05-17 08:46:00,2026-05-17 08:52:00,2026-05-17 08:57:00,4
TXN-1137,Eka (CS 2),Pembukaan Rekening,2026-05-06 10:06:00,2026-05-06 10:15:00,2026-05-06 10:44:00,4
TXN-1138,Eka (CS 2),Komplain/CS,2026-05-15 12:32:00,2026-05-15 12:53:00,2026-05-15 13:18:00,3
TXN-1139,Eka (CS 2),Pembukaan Rekening,2026-05-01 12:36:00,2026-05-01 13:13:00,2026-05-01 13:33:00,1
TXN-1140,Eka (CS 2),Pembukaan Rekening,2026-05-02 09:04:00,2026-05-02 09:15:00,2026-05-02 09:35:00,5
TXN-1141,Citra (CS 1),Komplain/CS,2026-05-15 11:44:00,2026-05-15 12:22:00,2026-05-15 12:51:00,2
TXN-1142,Dedi (Teller 3),Transfer Antar Bank,2026-05-15 11:11:00,2026-05-15 11:27:00,2026-05-15 11:32:00,5
TXN-1143,Citra (CS 1),Pembukaan Rekening,2026-05-04 11:25:00,2026-05-04 11:44:00,2026-05-04 12:23:00,5
TXN-1144,Budi (Teller 2),Tarikan Tunai,2026-05-08 13:05:00,2026-05-08 13:33:00,2026-05-08 13:38:00,2
TXN-1145,Citra (CS 1),Komplain/CS,2026-05-18 08:32:00,2026-05-18 08:37:00,2026-05-18 08:55:00,5
TXN-1146,Budi (Teller 2),Setoran Tunai,2026-05-08 14:41:00,2026-05-08 14:52:00,2026-05-08 14:55:00,4
TXN-1147,Eka (CS 2),Pembukaan Rekening,2026-05-14 08:21:00,2026-05-14 08:29:00,2026-05-14 08:49:00,4
TXN-1148,Budi (Teller 2),Setoran Tunai,2026-05-14 11:53:00,2026-05-14 12:08:00,2026-05-14 12:17:00,5
TXN-1149,Budi (Teller 2),Setoran Tunai,2026-05-08 14:20:00,2026-05-08 14:26:00,2026-05-08 14:29:00,5
TXN-1150,Eka (CS 2),Pembukaan Rekening,2026-05-21 09:40:00,2026-05-21 09:45:00,2026-05-21 10:29:00,5
TXN-1151,Eka (CS 2),Pembukaan Rekening,2026-05-02 14:17:00,2026-05-02 14:20:00,2026-05-02 14:56:00,4
TXN-1152,Budi (Teller 2),Setoran Tunai,2026-05-12 10:50:00,2026-05-12 10:58:00,2026-05-12 11:04:00,4
TXN-1153,Citra (CS 1),Pembukaan Rekening,2026-05-01 08:28:00,2026-05-01 08:35:00,2026-05-01 09:12:00,5
TXN-1154,Budi (Teller 2),Setoran Tunai,2026-05-17 11:40:00,2026-05-17 12:14:00,2026-05-17 12:22:00,1
TXN-1155,Dedi (Teller 3),Setoran Tunai,2026-05-08 08:06:00,2026-05-08 08:14:00,2026-05-08 08:19:00,5
TXN-1156,Eka (CS 2),Pembukaan Rekening,2026-05-17 12:28:00,2026-05-17 13:00:00,2026-05-17 13:20:00,2
TXN-1157,Eka (CS 2),Komplain/CS,2026-05-18 09:53:00,2026-05-18 09:55:00,2026-05-18 10:11:00,5
TXN-1158,Dedi (Teller 3),Transfer Antar Bank,2026-05-04 08:07:00,2026-05-04 08:15:00,2026-05-04 08:24:00,5
TXN-1159,Dedi (Teller 3),Tarikan Tunai,2026-05-10 10:45:00,2026-05-10 10:47:00,2026-05-10 10:56:00,4
TXN-1160,Dedi (Teller 3),Setoran Tunai,2026-05-18 14:28:00,2026-05-18 14:38:00,2026-05-18 14:47:00,4
TXN-1161,Andi (Teller 1),Transfer Antar Bank,2026-05-08 13:56:00,2026-05-08 14:13:00,2026-05-08 14:18:00,5
TXN-1162,Citra (CS 1),Pembukaan Rekening,2026-05-08 09:34:00,2026-05-08 09:39:00,2026-05-08 10:18:00,4
TXN-1163,Dedi (Teller 3),Tarikan Tunai,2026-05-14 14:54:00,2026-05-14 15:02:00,2026-05-14 15:06:00,5
TXN-1164,Andi (Teller 1),Transfer Antar Bank,2026-05-21 10:47:00,2026-05-21 10:51:00,2026-05-21 10:57:00,5
TXN-1165,Budi (Teller 2),Transfer Antar Bank,2026-05-02 08:46:00,2026-05-02 08:51:00,2026-05-02 08:56:00,5
TXN-1166,Citra (CS 1),Komplain/CS,2026-05-03 14:54:00,2026-05-03 14:59:00,2026-05-03 15:18:00,5
TXN-1167,Eka (CS 2),Komplain/CS,2026-05-09 09:52:00,2026-05-09 09:56:00,2026-05-09 10:14:00,5
TXN-1168,Eka (CS 2),Pembukaan Rekening,2026-05-17 09:29:00,2026-05-17 09:37:00,2026-05-17 10:13:00,4
TXN-1169,Andi (Teller 1),Tarikan Tunai,2026-05-14 08:39:00,2026-05-14 08:49:00,2026-05-14 08:58:00,4
TXN-1170,Dedi (Teller 3),Tarikan Tunai,2026-05-11 13:03:00,2026-05-11 13:30:00,2026-05-11 13:34:00,2
TXN-1171,Budi (Teller 2),Tarikan Tunai,2026-05-06 09:20:00,2026-05-06 09:25:00,2026-05-06 09:28:00,4
TXN-1172,Budi (Teller 2),Tarikan Tunai,2026-05-05 08:37:00,2026-05-05 08:45:00,2026-05-05 08:52:00,4
TXN-1173,Dedi (Teller 3),Tarikan Tunai,2026-05-06 10:39:00,2026-05-06 10:49:00,2026-05-06 10:56:00,5
TXN-1174,Eka (CS 2),Komplain/CS,2026-05-17 09:20:00,2026-05-17 09:31:00,2026-05-17 09:59:00,5
TXN-1175,Citra (CS 1),Pembukaan Rekening,2026-05-22 10:00:00,2026-05-22 10:06:00,2026-05-22 10:29:00,4
TXN-1176,Citra (CS 1),Pembukaan Rekening,2026-05-21 10:39:00,2026-05-21 10:44:00,2026-05-21 11:20:00,4
TXN-1177,Budi (Teller 2),Transfer Antar Bank,2026-05-03 13:33:00,2026-05-03 14:11:00,2026-05-03 14:14:00,1
TXN-1178,Citra (CS 1),Komplain/CS,2026-05-20 10:34:00,2026-05-20 10:36:00,2026-05-20 11:04:00,5
TXN-1179,Andi (Teller 1),Tarikan Tunai,2026-05-02 08:25:00,2026-05-02 08:31:00,2026-05-02 08:34:00,5
TXN-1180,Dedi (Teller 3),Tarikan Tunai,2026-05-01 08:42:00,2026-05-01 08:52:00,2026-05-01 09:01:00,5
TXN-1181,Eka (CS 2),Pembukaan Rekening,2026-05-05 11:43:00,2026-05-05 12:03:00,2026-05-05 12:24:00,5
TXN-1182,Andi (Teller 1),Setoran Tunai,2026-05-12 10:58:00,2026-05-12 11:00:00,2026-05-12 11:04:00,5
TXN-1183,Citra (CS 1),Pembukaan Rekening,2026-05-15 11:15:00,2026-05-15 11:37:00,2026-05-15 12:17:00,2
TXN-1184,Dedi (Teller 3),Setoran Tunai,2026-05-22 13:07:00,2026-05-22 13:39:00,2026-05-22 13:42:00,2
TXN-1185,Andi (Teller 1),Tarikan Tunai,2026-05-09 12:25:00,2026-05-09 12:55:00,2026-05-09 13:04:00,1
TXN-1186,Dedi (Teller 3),Transfer Antar Bank,2026-05-21 13:57:00,2026-05-21 14:18:00,2026-05-21 14:21:00,3
TXN-1187,Budi (Teller 2),Transfer Antar Bank,2026-05-18 10:22:00,2026-05-18 10:25:00,2026-05-18 10:34:00,4
TXN-1188,Budi (Teller 2),Tarikan Tunai,2026-05-03 09:58:00,2026-05-03 10:06:00,2026-05-03 10:09:00,5
TXN-1189,Andi (Teller 1),Transfer Antar Bank,2026-05-03 11:59:00,2026-05-03 12:15:00,2026-05-03 12:20:00,5
TXN-1190,Budi (Teller 2),Setoran Tunai,2026-05-12 14:14:00,2026-05-12 14:19:00,2026-05-12 14:26:00,5
TXN-1191,Budi (Teller 2),Transfer Antar Bank,2026-05-18 08:15:00,2026-05-18 08:26:00,2026-05-18 08:32:00,5
TXN-1192,Citra (CS 1),Pembukaan Rekening,2026-05-03 09:33:00,2026-05-03 09:41:00,2026-05-03 10:13:00,5
TXN-1193,Eka (CS 2),Komplain/CS,2026-05-03 10:38:00,2026-05-03 10:40:00,2026-05-03 11:07:00,5
TXN-1194,Andi (Teller 1),Setoran Tunai,2026-05-16 11:46:00,2026-05-16 12:10:00,2026-05-16 12:18:00,2
TXN-1195,Budi (Teller 2),Setoran Tunai,2026-05-20 12:00:00,2026-05-20 12:17:00,2026-05-20 12:24:00,4
TXN-1196,Andi (Teller 1),Transfer Antar Bank,2026-05-18 11:17:00,2026-05-18 11:56:00,2026-05-18 11:59:00,3
TXN-1197,Dedi (Teller 3),Setoran Tunai,2026-05-09 14:48:00,2026-05-09 14:57:00,2026-05-09 15:03:00,5
TXN-1198,Citra (CS 1),Pembukaan Rekening,2026-05-05 10:59:00,2026-05-05 11:02:00,2026-05-05 11:46:00,5
TXN-1199,Budi (Teller 2),Transfer Antar Bank,2026-05-08 11:28:00,2026-05-08 12:01:00,2026-05-08 12:08:00,1
TXN-1200,Dedi (Teller 3),Setoran Tunai,2026-05-02 08:25:00,2026-05-02 08:27:00,2026-05-02 08:31:00,5
TXN-1201,Budi (Teller 2),Setoran Tunai,2026-05-05 12:53:00,2026-05-05 13:16:00,2026-05-05 13:21:00,2
TXN-1202,Dedi (Teller 3),Tarikan Tunai,2026-05-10 10:49:00,2026-05-10 10:51:00,2026-05-10 10:56:00,4
TXN-1203,Citra (CS 1),Komplain/CS,2026-05-15 08:08:00,2026-05-15 08:14:00,2026-05-15 08:30:00,5
TXN-1204,Andi (Teller 1),Transfer Antar Bank,2026-05-03 10:27:00,2026-05-03 10:37:00,2026-05-03 10:42:00,5
TXN-1205,Dedi (Teller 3),Setoran Tunai,2026-05-10 08:14:00,2026-05-10 08:20:00,2026-05-10 08:25:00,4
TXN-1206,Eka (CS 2),Pembukaan Rekening,2026-05-15 13:07:00,2026-05-15 13:26:00,2026-05-15 14:01:00,5
TXN-1207,Andi (Teller 1),Transfer Antar Bank,2026-05-05 11:47:00,2026-05-05 12:06:00,2026-05-05 12:13:00,4
TXN-1208,Eka (CS 2),Pembukaan Rekening,2026-05-13 13:28:00,2026-05-13 13:45:00,2026-05-13 14:28:00,5
TXN-1209,Eka (CS 2),Pembukaan Rekening,2026-05-13 12:32:00,2026-05-13 13:02:00,2026-05-13 13:29:00,3
TXN-1210,Eka (CS 2),Pembukaan Rekening,2026-05-16 08:12:00,2026-05-16 08:22:00,2026-05-16 09:02:00,4
TXN-1211,Budi (Teller 2),Transfer Antar Bank,2026-05-06 11:06:00,2026-05-06 11:31:00,2026-05-06 11:38:00,2
TXN-1212,Citra (CS 1),Pembukaan Rekening,2026-05-10 09:31:00,2026-05-10 09:37:00,2026-05-10 10:03:00,4
TXN-1213,Budi (Teller 2),Transfer Antar Bank,2026-05-02 13:12:00,2026-05-02 13:38:00,2026-05-02 13:47:00,1
TXN-1214,Budi (Teller 2),Setoran Tunai,2026-05-14 10:48:00,2026-05-14 10:50:00,2026-05-14 10:59:00,5
TXN-1215,Citra (CS 1),Pembukaan Rekening,2026-05-13 10:47:00,2026-05-13 10:55:00,2026-05-13 11:24:00,5
TXN-1216,Budi (Teller 2),Transfer Antar Bank,2026-05-15 13:36:00,2026-05-15 14:12:00,2026-05-15 14:18:00,3
TXN-1217,Andi (Teller 1),Setoran Tunai,2026-05-17 11:21:00,2026-05-17 11:45:00,2026-05-17 11:53:00,1
TXN-1218,Dedi (Teller 3),Transfer Antar Bank,2026-05-18 09:13:00,2026-05-18 09:18:00,2026-05-18 09:23:00,5
TXN-1219,Citra (CS 1),Pembukaan Rekening,2026-05-12 14:28:00,2026-05-12 14:30:00,2026-05-12 14:55:00,5
TXN-1220,Budi (Teller 2),Tarikan Tunai,2026-05-19 10:57:00,2026-05-19 11:00:00,2026-05-19 11:08:00,5
TXN-1221,Dedi (Teller 3),Setoran Tunai,2026-05-17 10:12:00,2026-05-17 10:20:00,2026-05-17 10:29:00,5
TXN-1222,Budi (Teller 2),Tarikan Tunai,2026-05-11 11:31:00,2026-05-11 12:00:00,2026-05-11 12:08:00,1
TXN-1223,Eka (CS 2),Komplain/CS,2026-05-03 08:43:00,2026-05-03 08:49:00,2026-05-03 09:18:00,5
TXN-1224,Dedi (Teller 3),Setoran Tunai,2026-05-20 13:18:00,2026-05-20 13:37:00,2026-05-20 13:42:00,5
TXN-1225,Andi (Teller 1),Transfer Antar Bank,2026-05-06 14:33:00,2026-05-06 14:37:00,2026-05-06 14:40:00,5
TXN-1226,Citra (CS 1),Pembukaan Rekening,2026-05-18 14:43:00,2026-05-18 14:52:00,2026-05-18 15:25:00,5
TXN-1227,Dedi (Teller 3),Tarikan Tunai,2026-05-21 14:26:00,2026-05-21 14:31:00,2026-05-21 14:40:00,5
TXN-1228,Eka (CS 2),Komplain/CS,2026-05-12 12:23:00,2026-05-12 12:40:00,2026-05-12 12:58:00,5
TXN-1229,Citra (CS 1),Komplain/CS,2026-05-14 14:16:00,2026-05-14 14:21:00,2026-05-14 14:39:00,4
TXN-1230,Andi (Teller 1),Transfer Antar Bank,2026-05-22 13:52:00,2026-05-22 14:08:00,2026-05-22 14:13:00,4
TXN-1231,Andi (Teller 1),Tarikan Tunai,2026-05-21 09:29:00,2026-05-21 09:36:00,2026-05-21 09:41:00,5
TXN-1232,Eka (CS 2),Pembukaan Rekening,2026-05-06 08:07:00,2026-05-06 08:14:00,2026-05-06 08:52:00,4
TXN-1233,Eka (CS 2),Komplain/CS,2026-05-12 08:45:00,2026-05-12 08:50:00,2026-05-12 09:05:00,5
TXN-1234,Andi (Teller 1),Tarikan Tunai,2026-05-18 11:32:00,2026-05-18 11:47:00,2026-05-18 11:50:00,5
TXN-1235,Budi (Teller 2),Tarikan Tunai,2026-05-01 12:51:00,2026-05-01 13:27:00,2026-05-01 13:36:00,3
TXN-1236,Andi (Teller 1),Tarikan Tunai,2026-05-14 09:49:00,2026-05-14 10:00:00,2026-05-14 10:09:00,5
TXN-1237,Dedi (Teller 3),Setoran Tunai,2026-05-03 10:05:00,2026-05-03 10:12:00,2026-05-03 10:15:00,5
TXN-1238,Dedi (Teller 3),Tarikan Tunai,2026-05-09 09:11:00,2026-05-09 09:16:00,2026-05-09 09:24:00,5
TXN-1239,Eka (CS 2),Komplain/CS,2026-05-07 10:19:00,2026-05-07 10:26:00,2026-05-07 10:50:00,5
TXN-1240,Citra (CS 1),Komplain/CS,2026-05-03 14:40:00,2026-05-03 14:51:00,2026-05-03 15:19:00,5
TXN-1241,Dedi (Teller 3),Transfer Antar Bank,2026-05-12 14:11:00,2026-05-12 14:21:00,2026-05-12 14:28:00,4
TXN-1242,Dedi (Teller 3),Transfer Antar Bank,2026-05-14 11:44:00,2026-05-14 12:21:00,2026-05-14 12:28:00,1
TXN-1243,Andi (Teller 1),Tarikan Tunai,2026-05-12 09:05:00,2026-05-12 09:09:00,2026-05-12 09:17:00,5
TXN-1244,Citra (CS 1),Komplain/CS,2026-05-09 10:02:00,2026-05-09 10:13:00,2026-05-09 10:30:00,4
TXN-1245,Andi (Teller 1),Setoran Tunai,2026-05-22 14:14:00,2026-05-22 14:22:00,2026-05-22 14:28:00,5
TXN-1246,Eka (CS 2),Komplain/CS,2026-05-20 12:03:00,2026-05-20 12:29:00,2026-05-20 12:57:00,2
TXN-1247,Andi (Teller 1),Setoran Tunai,2026-05-18 08:50:00,2026-05-18 08:55:00,2026-05-18 08:59:00,5
TXN-1248,Dedi (Teller 3),Tarikan Tunai,2026-05-04 09:14:00,2026-05-04 09:19:00,2026-05-04 09:27:00,4
TXN-1249,Budi (Teller 2),Transfer Antar Bank,2026-05-19 09:53:00,2026-05-19 09:57:00,2026-05-19 10:04:00,5
TXN-1250,Budi (Teller 2),Tarikan Tunai,2026-05-15 08:34:00,2026-05-15 08:43:00,2026-05-15 08:49:00,4
TXN-1251,Andi (Teller 1),Tarikan Tunai,2026-05-12 13:13:00,2026-05-12 13:50:00,2026-05-12 13:57:00,1
TXN-1252,Eka (CS 2),Komplain/CS,2026-05-09 13:53:00,2026-05-09 14:22:00,2026-05-09 14:50:00,2
TXN-1253,Budi (Teller 2),Setoran Tunai,2026-05-20 09:38:00,2026-05-20 09:48:00,2026-05-20 09:51:00,5
TXN-1254,Citra (CS 1),Komplain/CS,2026-05-05 14:00:00,2026-05-05 14:09:00,2026-05-05 14:27:00,4
TXN-1255,Budi (Teller 2),Tarikan Tunai,2026-05-11 09:02:00,2026-05-11 09:13:00,2026-05-11 09:19:00,4
TXN-1256,Citra (CS 1),Pembukaan Rekening,2026-05-05 11:07:00,2026-05-05 11:33:00,2026-05-05 11:53:00,1
TXN-1257,Citra (CS 1),Pembukaan Rekening,2026-05-20 11:56:00,2026-05-20 12:15:00,2026-05-20 12:49:00,5
TXN-1258,Citra (CS 1),Komplain/CS,2026-05-17 08:55:00,2026-05-17 09:04:00,2026-05-17 09:30:00,5
TXN-1259,Dedi (Teller 3),Tarikan Tunai,2026-05-12 10:19:00,2026-05-12 10:22:00,2026-05-12 10:25:00,4
TXN-1260,Andi (Teller 1),Transfer Antar Bank,2026-05-01 14:34:00,2026-05-01 14:40:00,2026-05-01 14:45:00,4
TXN-1261,Budi (Teller 2),Tarikan Tunai,2026-05-19 13:11:00,2026-05-19 13:45:00,2026-05-19 13:52:00,3
TXN-1262,Andi (Teller 1),Setoran Tunai,2026-05-11 13:33:00,2026-05-11 14:05:00,2026-05-11 14:12:00,2
TXN-1263,Citra (CS 1),Komplain/CS,2026-05-15 10:49:00,2026-05-15 10:56:00,2026-05-15 11:14:00,4
TXN-1264,Dedi (Teller 3),Tarikan Tunai,2026-05-13 11:15:00,2026-05-13 11:39:00,2026-05-13 11:45:00,1
TXN-1265,Dedi (Teller 3),Transfer Antar Bank,2026-05-21 08:54:00,2026-05-21 09:01:00,2026-05-21 09:08:00,4
TXN-1266,Budi (Teller 2),Tarikan Tunai,2026-05-02 08:54:00,2026-05-02 09:05:00,2026-05-02 09:13:00,4
TXN-1267,Budi (Teller 2),Setoran Tunai,2026-05-08 14:39:00,2026-05-08 14:48:00,2026-05-08 14:51:00,5
TXN-1268,Budi (Teller 2),Transfer Antar Bank,2026-05-01 10:30:00,2026-05-01 10:36:00,2026-05-01 10:39:00,5
TXN-1269,Andi (Teller 1),Setoran Tunai,2026-05-02 09:05:00,2026-05-02 09:07:00,2026-05-02 09:10:00,5
TXN-1270,Budi (Teller 2),Setoran Tunai,2026-05-09 12:12:00,2026-05-09 12:37:00,2026-05-09 12:43:00,2
TXN-1271,Eka (CS 2),Pembukaan Rekening,2026-05-14 11:37:00,2026-05-14 11:57:00,2026-05-14 12:18:00,5
TXN-1272,Budi (Teller 2),Setoran Tunai,2026-05-19 12:10:00,2026-05-19 12:48:00,2026-05-19 12:56:00,2
TXN-1273,Citra (CS 1),Komplain/CS,2026-05-21 14:00:00,2026-05-21 14:11:00,2026-05-21 14:32:00,5
TXN-1274,Budi (Teller 2),Setoran Tunai,2026-05-01 08:31:00,2026-05-01 08:35:00,2026-05-01 08:41:00,4
TXN-1275,Andi (Teller 1),Tarikan Tunai,2026-05-03 13:13:00,2026-05-03 13:29:00,2026-05-03 13:37:00,5
TXN-1276,Eka (CS 2),Komplain/CS,2026-05-08 09:05:00,2026-05-08 09:11:00,2026-05-08 09:38:00,4
TXN-1277,Dedi (Teller 3),Transfer Antar Bank,2026-05-05 09:47:00,2026-05-05 09:52:00,2026-05-05 10:01:00,5
TXN-1278,Citra (CS 1),Komplain/CS,2026-05-06 13:49:00,2026-05-06 14:14:00,2026-05-06 14:41:00,1
TXN-1279,Citra (CS 1),Komplain/CS,2026-05-16 14:52:00,2026-05-16 15:02:00,2026-05-16 15:20:00,5
TXN-1280,Citra (CS 1),Pembukaan Rekening,2026-05-04 12:12:00,2026-05-04 12:28:00,2026-05-04 13:01:00,5
TXN-1281,Eka (CS 2),Pembukaan Rekening,2026-05-21 11:45:00,2026-05-21 12:14:00,2026-05-21 12:36:00,2
TXN-1282,Budi (Teller 2),Tarikan Tunai,2026-05-04 13:17:00,2026-05-04 13:48:00,2026-05-04 13:55:00,1
TXN-1283,Citra (CS 1),Komplain/CS,2026-05-11 14:30:00,2026-05-11 14:41:00,2026-05-11 15:02:00,4
TXN-1284,Eka (CS 2),Komplain/CS,2026-05-17 09:41:00,2026-05-17 09:46:00,2026-05-17 10:04:00,5
TXN-1285,Dedi (Teller 3),Transfer Antar Bank,2026-05-01 11:55:00,2026-05-01 12:19:00,2026-05-01 12:28:00,1
TXN-1286,Citra (CS 1),Komplain/CS,2026-05-22 13:20:00,2026-05-22 13:43:00,2026-05-22 14:07:00,2
TXN-1287,Eka (CS 2),Pembukaan Rekening,2026-05-10 08:25:00,2026-05-10 08:31:00,2026-05-10 08:54:00,5
TXN-1288,Dedi (Teller 3),Tarikan Tunai,2026-05-04 11:38:00,2026-05-04 12:17:00,2026-05-04 12:21:00,2
TXN-1289,Budi (Teller 2),Transfer Antar Bank,2026-05-01 14:49:00,2026-05-01 14:51:00,2026-05-01 14:56:00,5
TXN-1290,Dedi (Teller 3),Transfer Antar Bank,2026-05-21 08:21:00,2026-05-21 08:25:00,2026-05-21 08:31:00,5
TXN-1291,Andi (Teller 1),Transfer Antar Bank,2026-05-10 08:13:00,2026-05-10 08:23:00,2026-05-10 08:31:00,5
TXN-1292,Budi (Teller 2),Tarikan Tunai,2026-05-03 14:20:00,2026-05-03 14:24:00,2026-05-03 14:28:00,5
TXN-1293,Eka (CS 2),Komplain/CS,2026-05-09 08:10:00,2026-05-09 08:14:00,2026-05-09 08:32:00,5
TXN-1294,Citra (CS 1),Komplain/CS,2026-05-07 12:45:00,2026-05-07 13:07:00,2026-05-07 13:26:00,2
TXN-1295,Andi (Teller 1),Setoran Tunai,2026-05-09 08:58:00,2026-05-09 09:06:00,2026-05-09 09:12:00,5
TXN-1296,Eka (CS 2),Komplain/CS,2026-05-02 11:04:00,2026-05-02 11:39:00,2026-05-02 12:01:00,2
TXN-1297,Budi (Teller 2),Transfer Antar Bank,2026-05-03 13:43:00,2026-05-03 14:00:00,2026-05-03 14:08:00,4
TXN-1298,Dedi (Teller 3),Setoran Tunai,2026-05-12 09:37:00,2026-05-12 09:41:00,2026-05-12 09:45:00,5
TXN-1299,Andi (Teller 1),Tarikan Tunai,2026-05-08 13:43:00,2026-05-08 14:01:00,2026-05-08 14:08:00,5
TXN-1300,Andi (Teller 1),Tarikan Tunai,2026-05-15 08:54:00,2026-05-15 09:04:00,2026-05-15 09:13:00,5
TXN-1301,Dedi (Teller 3),Transfer Antar Bank,2026-05-08 11:02:00,2026-05-08 11:39:00,2026-05-08 11:45:00,1
TXN-1302,Eka (CS 2),Komplain/CS,2026-05-05 11:39:00,2026-05-05 11:54:00,2026-05-05 12:17:00,5
TXN-1303,Budi (Teller 2),Setoran Tunai,2026-05-06 13:17:00,2026-05-06 13:52:00,2026-05-06 13:58:00,1
TXN-1304,Andi (Teller 1),Tarikan Tunai,2026-05-14 11:32:00,2026-05-14 11:59:00,2026-05-14 12:03:00,1
TXN-1305,Eka (CS 2),Pembukaan Rekening,2026-05-09 08:10:00,2026-05-09 08:15:00,2026-05-09 08:57:00,5
TXN-1306,Eka (CS 2),Pembukaan Rekening,2026-05-06 10:21:00,2026-05-06 10:28:00,2026-05-06 10:52:00,4
TXN-1307,Budi (Teller 2),Tarikan Tunai,2026-05-15 08:41:00,2026-05-15 08:45:00,2026-05-15 08:53:00,5
TXN-1308,Citra (CS 1),Komplain/CS,2026-05-06 10:15:00,2026-05-06 10:25:00,2026-05-06 10:54:00,4
TXN-1309,Citra (CS 1),Komplain/CS,2026-05-02 10:17:00,2026-05-02 10:20:00,2026-05-02 10:44:00,5
TXN-1310,Andi (Teller 1),Setoran Tunai,2026-05-22 08:35:00,2026-05-22 08:42:00,2026-05-22 08:50:00,5
TXN-1311,Andi (Teller 1),Setoran Tunai,2026-05-03 08:05:00,2026-05-03 08:11:00,2026-05-03 08:15:00,4
TXN-1312,Citra (CS 1),Komplain/CS,2026-05-15 11:44:00,2026-05-15 12:10:00,2026-05-15 12:36:00,3
TXN-1313,Citra (CS 1),Komplain/CS,2026-05-20 09:28:00,2026-05-20 09:35:00,2026-05-20 10:02:00,5
TXN-1314,Budi (Teller 2),Transfer Antar Bank,2026-05-19 14:50:00,2026-05-19 14:54:00,2026-05-19 14:58:00,4
TXN-1315,Andi (Teller 1),Setoran Tunai,2026-05-11 09:30:00,2026-05-11 09:38:00,2026-05-11 09:43:00,4
TXN-1316,Eka (CS 2),Pembukaan Rekening,2026-05-09 11:45:00,2026-05-09 12:06:00,2026-05-09 12:41:00,1
TXN-1317,Andi (Teller 1),Setoran Tunai,2026-05-04 11:38:00,2026-05-04 11:57:00,2026-05-04 12:06:00,5
TXN-1318,Budi (Teller 2),Transfer Antar Bank,2026-05-06 14:49:00,2026-05-06 14:54:00,2026-05-06 15:03:00,5
TXN-1319,Citra (CS 1),Komplain/CS,2026-05-03 14:26:00,2026-05-03 14:33:00,2026-05-03 15:01:00,5
TXN-1320,Budi (Teller 2),Tarikan Tunai,2026-05-22 12:54:00,2026-05-22 13:29:00,2026-05-22 13:37:00,1
TXN-1321,Andi (Teller 1),Transfer Antar Bank,2026-05-10 14:57:00,2026-05-10 14:59:00,2026-05-10 15:06:00,5
TXN-1322,Andi (Teller 1),Tarikan Tunai,2026-05-13 12:52:00,2026-05-13 13:11:00,2026-05-13 13:18:00,4
TXN-1323,Eka (CS 2),Komplain/CS,2026-05-11 14:20:00,2026-05-11 14:28:00,2026-05-11 14:47:00,4
TXN-1324,Citra (CS 1),Komplain/CS,2026-05-02 11:47:00,2026-05-02 12:19:00,2026-05-02 12:41:00,2
TXN-1325,Andi (Teller 1),Tarikan Tunai,2026-05-20 12:37:00,2026-05-20 13:12:00,2026-05-20 13:16:00,1
TXN-1326,Andi (Teller 1),Setoran Tunai,2026-05-17 08:40:00,2026-05-17 08:43:00,2026-05-17 08:49:00,4
TXN-1327,Dedi (Teller 3),Transfer Antar Bank,2026-05-18 09:59:00,2026-05-18 10:07:00,2026-05-18 10:11:00,5
TXN-1328,Citra (CS 1),Komplain/CS,2026-05-17 14:16:00,2026-05-17 14:24:00,2026-05-17 14:46:00,4
TXN-1329,Andi (Teller 1),Transfer Antar Bank,2026-05-12 08:22:00,2026-05-12 08:31:00,2026-05-12 08:38:00,5
TXN-1330,Citra (CS 1),Pembukaan Rekening,2026-05-01 12:50:00,2026-05-01 13:28:00,2026-05-01 14:04:00,2
TXN-1331,Citra (CS 1),Komplain/CS,2026-05-08 09:30:00,2026-05-08 09:35:00,2026-05-08 10:04:00,5
TXN-1332,Budi (Teller 2),Transfer Antar Bank,2026-05-19 10:57:00,2026-05-19 11:03:00,2026-05-19 11:11:00,5
TXN-1333,Eka (CS 2),Komplain/CS,2026-05-10 13:46:00,2026-05-10 14:17:00,2026-05-10 14:46:00,2
TXN-1334,Budi (Teller 2),Tarikan Tunai,2026-05-09 09:14:00,2026-05-09 09:18:00,2026-05-09 09:21:00,4
TXN-1335,Dedi (Teller 3),Tarikan Tunai,2026-05-09 08:24:00,2026-05-09 08:32:00,2026-05-09 08:40:00,5
TXN-1336,Eka (CS 2),Pembukaan Rekening,2026-05-21 11:11:00,2026-05-21 11:33:00,2026-05-21 11:54:00,2
TXN-1337,Citra (CS 1),Pembukaan Rekening,2026-05-16 11:33:00,2026-05-16 11:57:00,2026-05-16 12:31:00,3
TXN-1338,Eka (CS 2),Pembukaan Rekening,2026-05-09 08:39:00,2026-05-09 08:50:00,2026-05-09 09:34:00,5
TXN-1339,Eka (CS 2),Pembukaan Rekening,2026-05-20 12:43:00,2026-05-20 13:11:00,2026-05-20 13:47:00,3
TXN-1340,Andi (Teller 1),Setoran Tunai,2026-05-07 08:11:00,2026-05-07 08:14:00,2026-05-07 08:21:00,4
TXN-1341,Eka (CS 2),Komplain/CS,2026-05-08 13:39:00,2026-05-08 14:04:00,2026-05-08 14:24:00,3
TXN-1342,Andi (Teller 1),Transfer Antar Bank,2026-05-22 11:28:00,2026-05-22 12:00:00,2026-05-22 12:04:00,2
TXN-1343,Eka (CS 2),Pembukaan Rekening,2026-05-20 10:49:00,2026-05-20 10:57:00,2026-05-20 11:40:00,5
TXN-1344,Citra (CS 1),Pembukaan Rekening,2026-05-11 12:32:00,2026-05-11 13:08:00,2026-05-11 13:46:00,2
TXN-1345,Budi (Teller 2),Setoran Tunai,2026-05-07 11:46:00,2026-05-07 12:05:00,2026-05-07 12:14:00,5
TXN-1346,Dedi (Teller 3),Transfer Antar Bank,2026-05-08 08:43:00,2026-05-08 08:47:00,2026-05-08 08:50:00,5
TXN-1347,Budi (Teller 2),Setoran Tunai,2026-05-10 09:42:00,2026-05-10 09:53:00,2026-05-10 10:00:00,5
TXN-1348,Budi (Teller 2),Transfer Antar Bank,2026-05-02 08:47:00,2026-05-02 08:57:00,2026-05-02 09:03:00,5
TXN-1349,Andi (Teller 1),Setoran Tunai,2026-05-22 11:16:00,2026-05-22 11:32:00,2026-05-22 11:39:00,5
TXN-1350,Citra (CS 1),Pembukaan Rekening,2026-05-16 10:30:00,2026-05-16 10:36:00,2026-05-16 10:59:00,5
TXN-1351,Eka (CS 2),Pembukaan Rekening,2026-05-20 09:23:00,2026-05-20 09:34:00,2026-05-20 09:58:00,5
TXN-1352,Andi (Teller 1),Tarikan Tunai,2026-05-08 14:20:00,2026-05-08 14:27:00,2026-05-08 14:35:00,5
TXN-1353,Citra (CS 1),Komplain/CS,2026-05-17 14:06:00,2026-05-17 14:10:00,2026-05-17 14:32:00,5
TXN-1354,Dedi (Teller 3),Tarikan Tunai,2026-05-20 11:55:00,2026-05-20 12:27:00,2026-05-20 12:32:00,1
TXN-1355,Citra (CS 1),Pembukaan Rekening,2026-05-19 08:45:00,2026-05-19 08:52:00,2026-05-19 09:35:00,5
TXN-1356,Eka (CS 2),Komplain/CS,2026-05-06 12:30:00,2026-05-06 13:03:00,2026-05-06 13:30:00,1
TXN-1357,Dedi (Teller 3),Tarikan Tunai,2026-05-17 14:32:00,2026-05-17 14:37:00,2026-05-17 14:40:00,5
TXN-1358,Citra (CS 1),Komplain/CS,2026-05-15 10:56:00,2026-05-15 11:03:00,2026-05-15 11:30:00,5
TXN-1359,Citra (CS 1),Pembukaan Rekening,2026-05-04 11:47:00,2026-05-04 12:16:00,2026-05-04 12:41:00,3
TXN-1360,Andi (Teller 1),Tarikan Tunai,2026-05-11 14:08:00,2026-05-11 14:14:00,2026-05-11 14:17:00,5
TXN-1361,Budi (Teller 2),Setoran Tunai,2026-05-03 12:42:00,2026-05-03 13:18:00,2026-05-03 13:25:00,2
TXN-1362,Eka (CS 2),Pembukaan Rekening,2026-05-13 10:52:00,2026-05-13 11:03:00,2026-05-13 11:25:00,4
TXN-1363,Eka (CS 2),Komplain/CS,2026-05-05 12:36:00,2026-05-05 13:07:00,2026-05-05 13:26:00,3
TXN-1364,Eka (CS 2),Komplain/CS,2026-05-04 13:25:00,2026-05-04 13:46:00,2026-05-04 14:07:00,3
TXN-1365,Citra (CS 1),Komplain/CS,2026-05-04 13:40:00,2026-05-04 14:06:00,2026-05-04 14:32:00,2
TXN-1366,Eka (CS 2),Komplain/CS,2026-05-04 12:29:00,2026-05-04 12:53:00,2026-05-04 13:21:00,1
TXN-1367,Budi (Teller 2),Tarikan Tunai,2026-05-03 14:27:00,2026-05-03 14:34:00,2026-05-03 14:43:00,5
TXN-1368,Budi (Teller 2),Transfer Antar Bank,2026-05-06 11:08:00,2026-05-06 11:26:00,2026-05-06 11:31:00,5
TXN-1369,Dedi (Teller 3),Setoran Tunai,2026-05-21 11:49:00,2026-05-21 12:10:00,2026-05-21 12:18:00,1
TXN-1370,Budi (Teller 2),Transfer Antar Bank,2026-05-11 11:23:00,2026-05-11 11:47:00,2026-05-11 11:51:00,2
TXN-1371,Eka (CS 2),Pembukaan Rekening,2026-05-21 09:04:00,2026-05-21 09:12:00,2026-05-21 09:36:00,5
TXN-1372,Citra (CS 1),Komplain/CS,2026-05-19 08:20:00,2026-05-19 08:30:00,2026-05-19 08:57:00,4
TXN-1373,Dedi (Teller 3),Setoran Tunai,2026-05-21 11:41:00,2026-05-21 12:02:00,2026-05-21 12:10:00,2
TXN-1374,Eka (CS 2),Pembukaan Rekening,2026-05-02 11:57:00,2026-05-02 12:20:00,2026-05-02 12:46:00,2
TXN-1375,Andi (Teller 1),Tarikan Tunai,2026-05-02 13:45:00,2026-05-02 14:00:00,2026-05-02 14:04:00,4
TXN-1376,Andi (Teller 1),Tarikan Tunai,2026-05-22 08:01:00,2026-05-22 08:04:00,2026-05-22 08:09:00,5
TXN-1377,Eka (CS 2),Komplain/CS,2026-05-12 14:39:00,2026-05-12 14:50:00,2026-05-12 15:07:00,5
TXN-1378,Eka (CS 2),Komplain/CS,2026-05-17 14:20:00,2026-05-17 14:31:00,2026-05-17 15:00:00,5
TXN-1379,Budi (Teller 2),Transfer Antar Bank,2026-05-22 14:55:00,2026-05-22 15:02:00,2026-05-22 15:08:00,4
TXN-1380,Budi (Teller 2),Tarikan Tunai,2026-05-09 09:27:00,2026-05-09 09:29:00,2026-05-09 09:38:00,4
TXN-1381,Budi (Teller 2),Tarikan Tunai,2026-05-03 11:32:00,2026-05-03 12:06:00,2026-05-03 12:11:00,2
TXN-1382,Budi (Teller 2),Transfer Antar Bank,2026-05-18 10:18:00,2026-05-18 10:22:00,2026-05-18 10:27:00,4
TXN-1383,Andi (Teller 1),Transfer Antar Bank,2026-05-09 11:36:00,2026-05-09 11:58:00,2026-05-09 12:07:00,2
TXN-1384,Budi (Teller 2),Tarikan Tunai,2026-05-16 13:39:00,2026-05-16 14:03:00,2026-05-16 14:09:00,2
TXN-1385,Eka (CS 2),Pembukaan Rekening,2026-05-07 10:44:00,2026-05-07 10:47:00,2026-05-07 11:17:00,5
TXN-1386,Budi (Teller 2),Transfer Antar Bank,2026-05-01 14:07:00,2026-05-01 14:13:00,2026-05-01 14:19:00,5
TXN-1387,Dedi (Teller 3),Setoran Tunai,2026-05-22 10:31:00,2026-05-22 10:39:00,2026-05-22 10:42:00,5
TXN-1388,Budi (Teller 2),Transfer Antar Bank,2026-05-21 12:29:00,2026-05-21 12:45:00,2026-05-21 12:51:00,5
TXN-1389,Budi (Teller 2),Setoran Tunai,2026-05-05 08:02:00,2026-05-05 08:07:00,2026-05-05 08:10:00,4
TXN-1390,Budi (Teller 2),Transfer Antar Bank,2026-05-05 10:27:00,2026-05-05 10:37:00,2026-05-05 10:43:00,5
TXN-1391,Dedi (Teller 3),Setoran Tunai,2026-05-19 11:43:00,2026-05-19 12:08:00,2026-05-19 12:12:00,2
TXN-1392,Budi (Teller 2),Tarikan Tunai,2026-05-09 12:23:00,2026-05-09 12:59:00,2026-05-09 13:04:00,1
TXN-1393,Dedi (Teller 3),Tarikan Tunai,2026-05-21 11:55:00,2026-05-21 12:10:00,2026-05-21 12:17:00,4
TXN-1394,Andi (Teller 1),Tarikan Tunai,2026-05-09 10:46:00,2026-05-09 10:57:00,2026-05-09 11:02:00,5
TXN-1395,Eka (CS 2),Komplain/CS,2026-05-22 08:04:00,2026-05-22 08:08:00,2026-05-22 08:23:00,5
TXN-1396,Citra (CS 1),Komplain/CS,2026-05-02 09:34:00,2026-05-02 09:42:00,2026-05-02 10:02:00,5
TXN-1397,Citra (CS 1),Pembukaan Rekening,2026-05-01 14:22:00,2026-05-01 14:27:00,2026-05-01 15:11:00,5
TXN-1398,Budi (Teller 2),Transfer Antar Bank,2026-05-21 10:56:00,2026-05-21 11:02:00,2026-05-21 11:10:00,5
TXN-1399,Citra (CS 1),Pembukaan Rekening,2026-05-17 14:08:00,2026-05-17 14:11:00,2026-05-17 14:49:00,5
TXN-1400,Eka (CS 2),Komplain/CS,2026-05-02 13:37:00,2026-05-02 14:12:00,2026-05-02 14:34:00,2
TXN-1401,Budi (Teller 2),Setoran Tunai,2026-05-14 10:19:00,2026-05-14 10:29:00,2026-05-14 10:37:00,5
TXN-1402,Citra (CS 1),Pembukaan Rekening,2026-05-22 08:18:00,2026-05-22 08:22:00,2026-05-22 08:51:00,5
TXN-1403,Dedi (Teller 3),Setoran Tunai,2026-05-20 12:06:00,2026-05-20 12:43:00,2026-05-20 12:46:00,3
TXN-1404,Budi (Teller 2),Transfer Antar Bank,2026-05-14 13:52:00,2026-05-14 14:10:00,2026-05-14 14:13:00,4
TXN-1405,Citra (CS 1),Pembukaan Rekening,2026-05-01 11:24:00,2026-05-01 11:59:00,2026-05-01 12:21:00,1
TXN-1406,Citra (CS 1),Komplain/CS,2026-05-09 11:58:00,2026-05-09 12:20:00,2026-05-09 12:36:00,2
TXN-1407,Dedi (Teller 3),Transfer Antar Bank,2026-05-22 08:55:00,2026-05-22 08:57:00,2026-05-22 09:05:00,4
TXN-1408,Andi (Teller 1),Transfer Antar Bank,2026-05-14 09:20:00,2026-05-14 09:26:00,2026-05-14 09:32:00,5
TXN-1409,Dedi (Teller 3),Transfer Antar Bank,2026-05-01 12:08:00,2026-05-01 12:31:00,2026-05-01 12:37:00,3
TXN-1410,Eka (CS 2),Komplain/CS,2026-05-01 12:22:00,2026-05-01 12:58:00,2026-05-01 13:24:00,2
TXN-1411,Citra (CS 1),Komplain/CS,2026-05-09 10:25:00,2026-05-09 10:32:00,2026-05-09 10:54:00,5
TXN-1412,Citra (CS 1),Pembukaan Rekening,2026-05-20 08:28:00,2026-05-20 08:33:00,2026-05-20 09:15:00,4
TXN-1413,Budi (Teller 2),Transfer Antar Bank,2026-05-04 13:11:00,2026-05-04 13:28:00,2026-05-04 13:36:00,4
TXN-1414,Andi (Teller 1),Setoran Tunai,2026-05-09 08:07:00,2026-05-09 08:10:00,2026-05-09 08:13:00,5
TXN-1415,Andi (Teller 1),Tarikan Tunai,2026-05-08 10:59:00,2026-05-08 11:01:00,2026-05-08 11:04:00,5
TXN-1416,Andi (Teller 1),Transfer Antar Bank,2026-05-03 13:34:00,2026-05-03 14:08:00,2026-05-03 14:11:00,2
TXN-1417,Eka (CS 2),Pembukaan Rekening,2026-05-17 13:48:00,2026-05-17 14:22:00,2026-05-17 14:42:00,2
TXN-1418,Citra (CS 1),Pembukaan Rekening,2026-05-21 08:41:00,2026-05-21 08:48:00,2026-05-21 09:16:00,5
TXN-1419,Dedi (Teller 3),Transfer Antar Bank,2026-05-17 08:16:00,2026-05-17 08:20:00,2026-05-17 08:25:00,5
TXN-1420,Citra (CS 1),Pembukaan Rekening,2026-05-07 12:10:00,2026-05-07 12:35:00,2026-05-07 13:07:00,1
TXN-1421,Citra (CS 1),Komplain/CS,2026-05-01 11:18:00,2026-05-01 11:40:00,2026-05-01 12:02:00,2
TXN-1422,Dedi (Teller 3),Setoran Tunai,2026-05-12 12:47:00,2026-05-12 13:14:00,2026-05-12 13:18:00,3
TXN-1423,Dedi (Teller 3),Transfer Antar Bank,2026-05-05 08:26:00,2026-05-05 08:34:00,2026-05-05 08:37:00,5
TXN-1424,Andi (Teller 1),Setoran Tunai,2026-05-18 09:03:00,2026-05-18 09:08:00,2026-05-18 09:12:00,4
TXN-1425,Dedi (Teller 3),Setoran Tunai,2026-05-08 11:48:00,2026-05-08 12:14:00,2026-05-08 12:18:00,2
TXN-1426,Dedi (Teller 3),Setoran Tunai,2026-05-07 09:28:00,2026-05-07 09:39:00,2026-05-07 09:43:00,5
TXN-1427,Citra (CS 1),Pembukaan Rekening,2026-05-10 13:17:00,2026-05-10 13:53:00,2026-05-10 14:21:00,1
TXN-1428,Citra (CS 1),Pembukaan Rekening,2026-05-03 11:05:00,2026-05-03 11:40:00,2026-05-03 12:01:00,1
TXN-1429,Budi (Teller 2),Tarikan Tunai,2026-05-16 13:39:00,2026-05-16 14:10:00,2026-05-16 14:13:00,2
TXN-1430,Andi (Teller 1),Transfer Antar Bank,2026-05-11 08:54:00,2026-05-11 09:05:00,2026-05-11 09:12:00,5
TXN-1431,Citra (CS 1),Pembukaan Rekening,2026-05-06 11:20:00,2026-05-06 11:52:00,2026-05-06 12:15:00,1
TXN-1432,Dedi (Teller 3),Tarikan Tunai,2026-05-09 12:37:00,2026-05-09 13:03:00,2026-05-09 13:07:00,2
TXN-1433,Eka (CS 2),Pembukaan Rekening,2026-05-12 14:40:00,2026-05-12 14:51:00,2026-05-12 15:35:00,5
TXN-1434,Eka (CS 2),Komplain/CS,2026-05-01 14:33:00,2026-05-01 14:39:00,2026-05-01 15:00:00,4
TXN-1435,Eka (CS 2),Komplain/CS,2026-05-01 08:46:00,2026-05-01 08:50:00,2026-05-01 09:17:00,5
TXN-1436,Eka (CS 2),Pembukaan Rekening,2026-05-03 10:46:00,2026-05-03 10:48:00,2026-05-03 11:24:00,5
TXN-1437,Eka (CS 2),Komplain/CS,2026-05-08 09:47:00,2026-05-08 09:56:00,2026-05-08 10:22:00,5
TXN-1438,Dedi (Teller 3),Tarikan Tunai,2026-05-04 08:44:00,2026-05-04 08:50:00,2026-05-04 08:58:00,5
TXN-1439,Citra (CS 1),Pembukaan Rekening,2026-05-13 11:25:00,2026-05-13 11:53:00,2026-05-13 12:34:00,2
TXN-1440,Citra (CS 1),Pembukaan Rekening,2026-05-10 10:49:00,2026-05-10 10:55:00,2026-05-10 11:24:00,5
TXN-1441,Budi (Teller 2),Transfer Antar Bank,2026-05-05 09:59:00,2026-05-05 10:03:00,2026-05-05 10:12:00,5
TXN-1442,Andi (Teller 1),Transfer Antar Bank,2026-05-09 08:28:00,2026-05-09 08:33:00,2026-05-09 08:36:00,5
TXN-1443,Andi (Teller 1),Transfer Antar Bank,2026-05-22 11:04:00,2026-05-22 11:27:00,2026-05-22 11:30:00,2
TXN-1444,Eka (CS 2),Pembukaan Rekening,2026-05-22 12:58:00,2026-05-22 13:15:00,2026-05-22 13:44:00,4
TXN-1445,Dedi (Teller 3),Transfer Antar Bank,2026-05-19 09:48:00,2026-05-19 09:54:00,2026-05-19 10:00:00,5
TXN-1446,Dedi (Teller 3),Transfer Antar Bank,2026-05-19 08:27:00,2026-05-19 08:31:00,2026-05-19 08:38:00,5
TXN-1447,Eka (CS 2),Pembukaan Rekening,2026-05-04 10:16:00,2026-05-04 10:19:00,2026-05-04 10:46:00,5
TXN-1448,Andi (Teller 1),Transfer Antar Bank,2026-05-19 12:38:00,2026-05-19 13:00:00,2026-05-19 13:06:00,2
TXN-1449,Citra (CS 1),Pembukaan Rekening,2026-05-04 13:18:00,2026-05-04 13:53:00,2026-05-04 14:14:00,2
TXN-1450,Dedi (Teller 3),Transfer Antar Bank,2026-05-15 11:53:00,2026-05-15 12:29:00,2026-05-15 12:34:00,1
TXN-1451,Andi (Teller 1),Tarikan Tunai,2026-05-17 11:40:00,2026-05-17 12:06:00,2026-05-17 12:14:00,3
TXN-1452,Citra (CS 1),Komplain/CS,2026-05-16 11:43:00,2026-05-16 12:03:00,2026-05-16 12:32:00,5
TXN-1453,Eka (CS 2),Pembukaan Rekening,2026-05-06 10:32:00,2026-05-06 10:42:00,2026-05-06 11:20:00,5
TXN-1454,Dedi (Teller 3),Tarikan Tunai,2026-05-21 13:26:00,2026-05-21 13:59:00,2026-05-21 14:08:00,2
TXN-1455,Andi (Teller 1),Setoran Tunai,2026-05-07 12:34:00,2026-05-07 12:56:00,2026-05-07 13:02:00,2
TXN-1456,Citra (CS 1),Pembukaan Rekening,2026-05-17 08:31:00,2026-05-17 08:38:00,2026-05-17 09:00:00,4
TXN-1457,Budi (Teller 2),Tarikan Tunai,2026-05-15 13:30:00,2026-05-15 14:06:00,2026-05-15 14:13:00,2
TXN-1458,Dedi (Teller 3),Transfer Antar Bank,2026-05-22 09:41:00,2026-05-22 09:44:00,2026-05-22 09:47:00,4
TXN-1459,Andi (Teller 1),Tarikan Tunai,2026-05-15 10:18:00,2026-05-15 10:27:00,2026-05-15 10:31:00,4
TXN-1460,Citra (CS 1),Komplain/CS,2026-05-07 10:00:00,2026-05-07 10:10:00,2026-05-07 10:29:00,4
TXN-1461,Dedi (Teller 3),Setoran Tunai,2026-05-13 12:59:00,2026-05-13 13:14:00,2026-05-13 13:20:00,5
TXN-1462,Dedi (Teller 3),Tarikan Tunai,2026-05-08 14:08:00,2026-05-08 14:13:00,2026-05-08 14:21:00,4
TXN-1463,Citra (CS 1),Komplain/CS,2026-05-03 10:13:00,2026-05-03 10:16:00,2026-05-03 10:43:00,4
TXN-1464,Budi (Teller 2),Setoran Tunai,2026-05-06 09:39:00,2026-05-06 09:47:00,2026-05-06 09:51:00,4
TXN-1465,Dedi (Teller 3),Tarikan Tunai,2026-05-06 11:01:00,2026-05-06 11:28:00,2026-05-06 11:37:00,1
TXN-1466,Citra (CS 1),Pembukaan Rekening,2026-05-07 10:07:00,2026-05-07 10:14:00,2026-05-07 10:40:00,5
TXN-1467,Andi (Teller 1),Transfer Antar Bank,2026-05-17 08:29:00,2026-05-17 08:35:00,2026-05-17 08:40:00,5
TXN-1468,Budi (Teller 2),Tarikan Tunai,2026-05-22 14:16:00,2026-05-22 14:27:00,2026-05-22 14:33:00,4
TXN-1469,Citra (CS 1),Komplain/CS,2026-05-18 13:49:00,2026-05-18 14:17:00,2026-05-18 14:35:00,3
TXN-1470,Dedi (Teller 3),Transfer Antar Bank,2026-05-22 13:03:00,2026-05-22 13:40:00,2026-05-22 13:44:00,1
TXN-1471,Andi (Teller 1),Tarikan Tunai,2026-05-02 09:55:00,2026-05-02 10:05:00,2026-05-02 10:11:00,5
TXN-1472,Budi (Teller 2),Tarikan Tunai,2026-05-17 09:28:00,2026-05-17 09:31:00,2026-05-17 09:39:00,5
TXN-1473,Dedi (Teller 3),Transfer Antar Bank,2026-05-18 08:05:00,2026-05-18 08:15:00,2026-05-18 08:22:00,5
TXN-1474,Eka (CS 2),Pembukaan Rekening,2026-05-11 10:08:00,2026-05-11 10:11:00,2026-05-11 10:42:00,5
TXN-1475,Eka (CS 2),Pembukaan Rekening,2026-05-15 10:12:00,2026-05-15 10:14:00,2026-05-15 10:39:00,5
TXN-1476,Andi (Teller 1),Tarikan Tunai,2026-05-19 12:16:00,2026-05-19 12:53:00,2026-05-19 12:57:00,2
TXN-1477,Andi (Teller 1),Transfer Antar Bank,2026-05-10 14:22:00,2026-05-10 14:28:00,2026-05-10 14:33:00,4
TXN-1478,Citra (CS 1),Komplain/CS,2026-05-12 10:16:00,2026-05-12 10:26:00,2026-05-12 10:54:00,4
TXN-1479,Andi (Teller 1),Transfer Antar Bank,2026-05-19 10:11:00,2026-05-19 10:22:00,2026-05-19 10:25:00,5
TXN-1480,Eka (CS 2),Pembukaan Rekening,2026-05-07 11:40:00,2026-05-07 12:09:00,2026-05-07 12:44:00,2
TXN-1481,Citra (CS 1),Komplain/CS,2026-05-03 11:40:00,2026-05-03 12:01:00,2026-05-03 12:24:00,2
TXN-1482,Andi (Teller 1),Tarikan Tunai,2026-05-13 11:30:00,2026-05-13 12:00:00,2026-05-13 12:03:00,3
TXN-1483,Citra (CS 1),Komplain/CS,2026-05-22 13:32:00,2026-05-22 13:59:00,2026-05-22 14:20:00,1
TXN-1484,Budi (Teller 2),Tarikan Tunai,2026-05-09 14:35:00,2026-05-09 14:39:00,2026-05-09 14:45:00,5
TXN-1485,Dedi (Teller 3),Setoran Tunai,2026-05-21 11:39:00,2026-05-21 11:57:00,2026-05-21 12:04:00,5
TXN-1486,Dedi (Teller 3),Tarikan Tunai,2026-05-17 13:53:00,2026-05-17 14:28:00,2026-05-17 14:34:00,3
TXN-1487,Budi (Teller 2),Tarikan Tunai,2026-05-14 12:36:00,2026-05-14 13:12:00,2026-05-14 13:15:00,2
TXN-1488,Andi (Teller 1),Setoran Tunai,2026-05-03 14:37:00,2026-05-03 14:44:00,2026-05-03 14:50:00,5
TXN-1489,Dedi (Teller 3),Tarikan Tunai,2026-05-04 09:59:00,2026-05-04 10:06:00,2026-05-04 10:09:00,5
TXN-1490,Citra (CS 1),Komplain/CS,2026-05-15 08:39:00,2026-05-15 08:50:00,2026-05-15 09:16:00,5
TXN-1491,Budi (Teller 2),Setoran Tunai,2026-05-10 10:46:00,2026-05-10 10:49:00,2026-05-10 10:56:00,5
TXN-1492,Andi (Teller 1),Tarikan Tunai,2026-05-21 08:32:00,2026-05-21 08:40:00,2026-05-21 08:46:00,5
TXN-1493,Citra (CS 1),Komplain/CS,2026-05-16 10:52:00,2026-05-16 11:00:00,2026-05-16 11:18:00,5
TXN-1494,Budi (Teller 2),Setoran Tunai,2026-05-11 08:22:00,2026-05-11 08:31:00,2026-05-11 08:38:00,4
TXN-1495,Andi (Teller 1),Setoran Tunai,2026-05-08 10:28:00,2026-05-08 10:31:00,2026-05-08 10:35:00,5
TXN-1496,Dedi (Teller 3),Tarikan Tunai,2026-05-12 09:03:00,2026-05-12 09:12:00,2026-05-12 09:15:00,5
TXN-1497,Citra (CS 1),Komplain/CS,2026-05-20 09:10:00,2026-05-20 09:17:00,2026-05-20 09:40:00,4
TXN-1498,Budi (Teller 2),Setoran Tunai,2026-05-12 14:41:00,2026-05-12 14:52:00,2026-05-12 14:55:00,5
TXN-1499,Dedi (Teller 3),Transfer Antar Bank,2026-05-19 10:12:00,2026-05-19 10:21:00,2026-05-19 10:27:00,4
